date,sleep_hours
2015-02-19,6.4
2015-02-20,7.583333333333333
2015-02-21,6.35
2015-02-22,6.5
2015-02-23,8.916666666666666
2015-02-24,6.6
2015-02-25,6.216666666666667
2015-02-26,5.283333333333333
2015-02-27,9.866666666666667
2015-02-28,5.966666666666667
2015-03-01,7.4
2015-03-02,6.083333333333333
2015-03-03,7.066666666666666
2015-03-04,6.95
2015-03-08,7.033333333333333
2015-03-10,7.433333333333334
2015-03-11,6.566666666666666
2015-03-12,6.283333333333333
2015-03-14,7.85
2015-03-15,6.566666666666666
2015-03-16,5.916666666666667
2015-03-17,9.916666666666666
2015-03-21,7.566666666666666
2015-03-22,7.9
2015-03-26,9.95
2015-04-03,7.066666666666666
2015-04-06,6.616666666666666
2015-04-10,6.95
2015-04-16,6.05
2015-04-22,8.066666666666666
2015-04-26,6.566666666666666
2015-05-03,7.05
2015-05-04,9.183333333333334
2015-05-05,3.1333333333333333
2015-05-06,5.933333333333334
2015-05-09,6.916666666666667
2015-05-12,6.983333333333333
2015-05-15,7.8
2015-05-18,6.116666666666666
2015-05-19,5.6
2015-05-20,6.5
2015-05-23,12.1
2015-06-08,6.283333333333333
2015-06-09,5.833333333333333
2015-06-10,10.033333333333333
2015-07-05,5.983333333333333
2015-07-06,7.05
2015-07-07,6.466666666666667
2015-07-17,6.9
2015-07-18,7.116666666666666
2015-07-19,6.366666666666666
2015-07-20,5.166666666666667
2015-07-21,7.85
2015-07-22,5.916666666666667
2015-07-23,6.916666666666667
2015-07-24,6.45
2015-07-25,7.783333333333333
2015-07-28,6.683333333333334
2015-07-29,6.85
2015-07-30,6.483333333333333
2015-07-31,6.833333333333333
2015-08-01,8.066666666666666
2015-08-02,6.05
2015-08-03,6.816666666666666
2015-08-04,7.1
2015-08-05,5.566666666666666
2015-08-06,7.25
2015-08-07,7.416666666666667
2015-08-08,4.516666666666667
2015-08-09,5.95
2015-08-10,7.083333333333333
2015-08-11,6.666666666666667
2015-08-12,7.133333333333334
2015-08-13,7.316666666666666
2015-08-14,8.05
2015-08-15,6.0
2015-08-16,6.8
2015-08-17,6.816666666666666
2015-08-18,6.4
2015-08-19,7.183333333333334
2015-08-20,6.8
2015-08-21,7.55
2015-08-22,6.416666666666667
2015-08-23,6.816666666666666
2015-08-24,6.266666666666667
2015-08-25,6.55
2015-08-26,6.916666666666667
2015-08-27,7.433333333333334
2015-08-28,6.083333333333333
2015-08-29,6.633333333333334
2015-08-30,6.8
2015-08-31,7.216666666666667
2015-09-01,5.566666666666666
2015-09-02,8.116666666666667
2015-09-03,7.85
2015-09-04,6.533333333333333
2015-09-05,7.883333333333334
2015-09-06,8.566666666666666
2015-09-07,6.9
2015-09-08,5.983333333333333
2015-09-09,6.116666666666666
2015-09-10,6.183333333333334
2015-09-11,7.016666666666667
2015-09-12,7.416666666666667
2015-09-13,7.083333333333333
2015-09-14,6.283333333333333
2015-09-15,3.9166666666666665
2015-09-16,7.3
2015-09-17,6.783333333333333
2015-09-18,5.35
2015-09-19,7.4
2015-09-20,6.716666666666667
2015-09-21,6.983333333333333
2015-09-22,6.75
2015-09-23,6.033333333333333
2015-09-24,6.116666666666666
2015-09-25,7.033333333333333
2015-09-26,7.433333333333334
2015-09-27,6.75
2015-09-28,6.933333333333334
2015-09-29,6.75
2015-09-30,6.433333333333334
2015-10-01,5.9
2015-10-02,8.183333333333334
2015-10-03,5.466666666666667
2015-10-04,5.683333333333334
2015-10-05,7.083333333333333
2015-10-06,6.133333333333334
2015-10-07,6.516666666666667
2015-10-08,6.4
2015-10-09,5.866666666666666
2015-10-10,8.0
2015-10-11,7.183333333333334
2015-10-12,6.116666666666666
2015-10-13,3.5
2015-10-14,7.016666666666667
2015-10-15,6.583333333333333
2015-10-16,7.216666666666667
2015-10-17,7.0
2015-10-18,7.266666666666667
2015-10-19,7.15
2015-10-20,6.416666666666667
2015-10-21,6.416666666666667
2015-10-22,6.316666666666666
2015-10-23,7.25
2015-10-24,6.583333333333333
2015-10-25,7.0
2015-10-26,3.966666666666667
2015-10-27,6.983333333333333
2015-10-28,6.783333333333333
2015-10-29,4.816666666666666
2015-10-30,7.016666666666667
2015-10-31,7.933333333333334
2015-11-01,7.683333333333334
2015-11-02,5.4
2015-11-03,7.216666666666667
2015-11-04,7.55
2015-11-05,6.333333333333333
2015-11-06,5.283333333333333
2015-11-07,6.05
2015-11-08,6.233333333333333
2015-11-09,5.85
2015-11-10,7.5
2015-11-11,6.95
2015-11-12,7.233333333333333
2015-11-13,7.466666666666667
2015-11-14,6.916666666666667
2015-11-15,6.433333333333334
2015-11-16,6.683333333333334
2015-11-17,7.0
2015-11-18,6.466666666666667
2015-11-19,6.183333333333334
2015-11-20,6.133333333333334
2015-11-21,9.183333333333334
2015-11-22,7.016666666666667
2015-11-23,5.15
2015-11-24,6.85
2015-11-25,8.05
2015-11-26,6.666666666666667
2015-11-27,5.8
2015-11-28,7.183333333333334
2015-11-29,7.083333333333333
2015-11-30,6.633333333333334
2015-12-01,6.666666666666667
2015-12-02,6.166666666666667
2015-12-03,6.833333333333333
2015-12-04,7.766666666666667
2015-12-05,6.133333333333334
2015-12-06,7.766666666666667
2015-12-07,6.466666666666667
2015-12-08,8.866666666666667
2015-12-09,6.216666666666667
2015-12-10,6.483333333333333
2015-12-11,5.65
2015-12-12,7.55
2015-12-13,8.566666666666666
2015-12-14,6.85
2015-12-15,8.0
2015-12-16,7.466666666666667
2015-12-17,6.783333333333333
2015-12-18,6.933333333333334
2015-12-19,4.883333333333334
2015-12-20,4.233333333333333
2015-12-21,6.766666666666667
2015-12-22,6.066666666666666
2015-12-23,4.5
2015-12-24,7.433333333333334
2015-12-25,7.333333333333333
2015-12-26,6.866666666666666
2015-12-27,7.35
2015-12-28,6.65
2015-12-29,7.183333333333334
2015-12-30,5.85
2015-12-31,7.3
2016-01-01,7.833333333333333
2016-01-02,7.333333333333333
2016-01-03,6.933333333333334
2016-01-04,5.983333333333333
2016-01-05,7.116666666666666
2016-01-06,6.85
2016-01-07,6.85
2016-01-08,7.05
2016-01-09,6.316666666666666
2016-01-10,7.1
2016-01-11,5.666666666666667
2016-01-12,6.416666666666667
2016-01-13,5.583333333333333
2016-01-14,7.433333333333334
2016-01-15,7.2
2016-01-16,7.483333333333333
2016-01-17,7.616666666666666
2016-01-18,5.866666666666666
2016-01-19,6.35
2016-01-20,7.016666666666667
2016-01-21,7.133333333333334
2016-01-22,6.983333333333333
2016-01-23,6.4
2016-01-24,7.566666666666666
2016-01-25,7.05
2016-01-26,6.366666666666666
2016-01-27,5.3
2016-01-28,7.25
2016-01-29,5.333333333333333
2016-01-30,6.666666666666667
2016-01-31,6.966666666666667
2016-02-01,6.683333333333334
2016-02-02,6.75
2016-02-03,7.333333333333333
2016-02-04,6.116666666666666
2016-02-05,7.416666666666667
2016-02-06,7.366666666666666
2016-02-07,7.4
2016-02-08,6.366666666666666
2016-02-09,6.166666666666667
2016-02-10,6.816666666666666
2016-02-11,7.133333333333334
2016-02-12,4.5
2016-02-13,8.483333333333333
2016-02-14,3.7333333333333334
2016-02-15,5.533333333333333
2016-02-16,6.9
2016-02-17,6.416666666666667
2016-02-18,6.6
2016-02-19,1.2666666666666666
2016-02-20,6.983333333333333
2016-02-21,7.55
2016-02-22,6.316666666666666
2016-02-23,7.216666666666667
2016-02-24,6.016666666666667
2016-02-25,4.35
2016-02-26,7.233333333333333
2016-02-27,7.05
2016-02-28,6.55
2016-02-29,5.716666666666667
2016-03-01,7.516666666666667
2016-03-02,6.783333333333333
2016-03-03,6.416666666666667
2016-03-04,6.866666666666666
2016-03-05,6.933333333333334
2016-03-08,6.416666666666667
2016-03-09,6.65
2016-03-10,5.9
2016-03-11,6.7
2016-03-12,8.283333333333333
2016-03-13,6.566666666666666
2016-03-14,5.966666666666667
2016-03-16,7.316666666666666
2016-03-17,6.733333333333333
2016-03-18,2.35
2016-03-19,7.133333333333334
2016-03-20,6.233333333333333
2016-03-21,7.416666666666667
2016-03-22,6.633333333333334
2016-03-23,7.216666666666667
2016-03-24,6.633333333333334
2016-03-25,7.4
2016-03-26,7.466666666666667
2016-03-27,6.883333333333334
2016-03-28,7.2
2016-03-29,6.266666666666667
2016-03-30,6.933333333333334
2016-03-31,6.15
2016-04-01,7.233333333333333
2016-04-02,6.583333333333333
2016-04-03,6.983333333333333
2016-04-04,3.65
2016-04-05,7.116666666666666
2016-04-06,5.2
2016-04-08,7.233333333333333
2016-04-09,7.933333333333334
2016-04-10,6.85
2016-04-11,7.583333333333333
2016-04-12,6.333333333333333
2016-04-13,6.5
2016-04-14,7.1
2016-04-15,6.216666666666667
2016-04-16,9.283333333333333
2016-04-17,7.166666666666667
2016-04-18,6.033333333333333
2016-04-19,6.683333333333334
2016-04-20,5.766666666666667
2016-04-21,5.833333333333333
2016-04-22,7.383333333333334
2016-04-23,7.583333333333333
2016-04-24,7.05
2016-04-25,6.466666666666667
2016-04-26,7.183333333333334
2016-04-27,7.0
2016-04-28,7.016666666666667
2016-04-29,6.6
2016-04-30,7.733333333333333
2016-05-01,6.983333333333333
2016-05-02,6.45
2016-05-03,7.75
2016-05-04,6.116666666666666
2016-05-05,7.15
2016-05-06,7.733333333333333
2016-05-07,6.616666666666666
2016-05-08,6.933333333333334
2016-05-09,6.5
2016-05-10,6.2
2016-05-11,5.916666666666667
2016-05-12,7.083333333333333
2016-05-13,7.016666666666667
2016-05-14,7.8
2016-05-15,6.766666666666667
2016-05-16,6.2
2016-05-17,6.633333333333334
2016-05-18,7.016666666666667
2016-05-19,8.35
2016-05-20,6.566666666666666
2016-05-21,7.483333333333333
2016-05-22,7.216666666666667
2016-05-23,7.583333333333333
2016-05-24,6.75
2016-05-25,5.883333333333334
2016-05-26,6.566666666666666
2016-05-27,7.6
2016-05-28,7.166666666666667
2016-05-29,7.166666666666667
2016-05-30,6.616666666666666
2016-05-31,5.7
2016-06-01,5.616666666666666
2016-06-02,6.416666666666667
2016-06-03,7.316666666666666
2016-06-04,7.3
2016-06-05,7.566666666666666
2016-06-06,5.816666666666666
2016-06-07,6.833333333333333
2016-06-08,7.3
2016-06-09,6.016666666666667
2016-06-10,6.183333333333334
2016-06-11,6.033333333333333
2016-06-12,7.1
2016-06-13,6.783333333333333
2016-06-14,7.616666666666666
2016-06-15,5.716666666666667
2016-06-16,7.216666666666667
2016-06-17,7.0
2016-06-18,7.55
2016-06-19,6.683333333333334
2016-06-20,6.816666666666666
2016-06-21,6.283333333333333
2016-06-22,6.733333333333333
2016-06-23,6.483333333333333
2016-06-24,6.883333333333334
2016-06-25,7.233333333333333
2016-06-26,7.083333333333333
2016-06-27,6.716666666666667
2016-06-28,6.416666666666667
2016-06-29,6.55
2016-06-30,4.966666666666667
2016-07-01,8.55
2016-07-02,6.55
2016-07-03,5.95
2016-07-04,6.283333333333333
2016-07-05,6.133333333333334
2016-07-06,5.766666666666667
2016-07-07,6.566666666666666
2016-07-08,7.516666666666667
2016-07-09,8.0
2016-07-10,6.333333333333333
2016-07-11,7.216666666666667
2016-07-12,6.55
2016-07-13,6.15
2016-07-14,6.783333333333333
2016-07-15,6.666666666666667
2016-07-16,6.25
2016-07-17,6.85
2016-07-18,6.366666666666666
2016-07-19,5.833333333333333
2016-07-20,7.266666666666667
2016-07-21,6.133333333333334
2016-07-22,6.95
2016-07-23,7.6
2016-07-24,6.766666666666667
2016-07-25,6.716666666666667
2016-07-26,6.25
2016-07-27,6.5
2016-07-28,7.333333333333333
2016-07-29,7.15
2016-07-30,6.416666666666667
2016-07-31,7.216666666666667
2016-08-01,6.45
2016-08-02,6.883333333333334
2016-08-03,7.3
2016-08-04,6.85
2016-08-05,7.783333333333333
2016-08-06,7.416666666666667
2016-08-07,6.9
2016-08-08,6.366666666666666
2016-08-09,7.166666666666667
2016-08-10,5.3
2016-08-11,5.966666666666667
2016-08-12,6.5
2016-08-13,7.4
2016-08-14,7.3
2016-08-15,6.6
2016-08-16,7.566666666666666
2016-08-17,7.15
2016-08-18,7.3
2016-08-19,7.133333333333334
2016-08-20,8.033333333333333
2016-08-21,7.583333333333333
2016-08-22,3.7
2016-08-23,6.166666666666667
2016-08-24,5.666666666666667
2016-08-25,5.25
2016-08-26,7.5
2016-08-27,7.183333333333334
2016-08-28,6.333333333333333
2016-08-29,6.283333333333333
2016-08-30,7.483333333333333
2016-08-31,5.833333333333333
2016-09-01,6.483333333333333
2016-09-02,6.583333333333333
2016-09-03,7.55
2016-09-04,7.033333333333333
2016-09-05,6.1
2016-09-06,8.166666666666666
2016-09-07,6.633333333333334
2016-09-08,6.8
2016-09-09,6.566666666666666
2016-09-10,7.783333333333333
2016-09-11,5.833333333333333
2016-09-12,6.216666666666667
2016-09-13,8.233333333333333
2016-09-14,7.45
2016-09-15,6.483333333333333
2016-09-16,7.166666666666667
2016-09-17,5.783333333333333
2016-09-18,7.333333333333333
2016-09-19,5.75
2016-09-20,7.366666666666666
2016-09-21,6.1
2016-09-22,7.2
2016-09-23,7.833333333333333
2016-09-24,7.15
2016-09-25,6.4
2016-09-26,5.966666666666667
2016-09-27,6.35
2016-09-28,6.383333333333334
2016-09-29,6.35
2016-09-30,7.233333333333333
2016-10-01,5.966666666666667
2016-10-02,6.633333333333334
2016-10-03,6.183333333333334
2016-10-04,8.133333333333333
2016-10-05,7.5
2016-10-06,6.833333333333333
2016-10-07,7.666666666666667
2016-10-08,6.7
2016-10-09,6.8
2016-10-10,6.283333333333333
2016-10-11,5.35
2016-10-12,5.583333333333333
2016-10-13,6.2
2016-10-14,6.866666666666666
2016-10-15,6.583333333333333
2016-10-16,5.966666666666667
2016-10-17,6.633333333333334
2016-10-18,6.433333333333334
2016-10-19,6.866666666666666
2016-10-20,7.3
2016-10-21,7.483333333333333
2016-10-22,6.433333333333334
2016-10-23,7.183333333333334
2016-10-24,7.05
2016-10-25,7.033333333333333
2016-10-26,6.3
2016-10-27,7.45
2016-10-28,6.25
2016-10-29,5.916666666666667
2016-10-30,6.683333333333334
2016-10-31,6.083333333333333
2016-11-01,6.133333333333334
2016-11-02,6.616666666666666
2016-11-04,6.65
2016-11-05,9.916666666666666
2016-11-06,6.266666666666667
2016-11-07,5.933333333333334
2016-11-08,5.55
2016-11-09,6.666666666666667
2016-11-10,6.283333333333333
2016-11-11,6.433333333333334
2016-11-12,5.766666666666667
2016-11-13,6.166666666666667
2016-11-14,6.266666666666667
2016-11-15,6.883333333333334
2016-11-16,7.383333333333334
2016-11-17,7.35
2016-11-18,6.5
2016-11-19,7.083333333333333
2016-11-20,6.9
2016-11-21,6.166666666666667
2016-11-22,7.083333333333333
2016-11-23,7.15
2016-11-24,7.533333333333333
2016-11-25,6.933333333333334
2016-11-26,5.65
2016-11-27,6.65
2016-11-28,6.366666666666666
2016-11-29,5.2
2016-11-30,6.85
2016-12-01,6.416666666666667
2016-12-02,6.633333333333334
2016-12-03,6.766666666666667
2016-12-04,7.05
2016-12-05,6.8
2016-12-06,5.05
2016-12-07,6.8
2016-12-08,6.2
2016-12-09,7.266666666666667
2016-12-10,7.1
2016-12-11,6.666666666666667
2016-12-12,5.516666666666667
2016-12-13,6.283333333333333
2016-12-14,6.366666666666666
2016-12-15,5.633333333333334
2016-12-16,6.633333333333334
2016-12-17,7.4
2016-12-18,6.683333333333334
2016-12-19,6.133333333333334
2016-12-20,6.933333333333334
2016-12-21,5.633333333333334
2016-12-22,6.733333333333333
2016-12-23,8.05
2016-12-24,6.566666666666666
2016-12-25,7.233333333333333
2016-12-26,7.3
2016-12-27,7.216666666666667
2016-12-28,5.85
2016-12-29,5.833333333333333
2016-12-30,5.966666666666667
2016-12-31,6.916666666666667
2017-01-01,7.333333333333333
2017-01-02,6.95
2017-01-03,7.333333333333333
2017-01-04,6.116666666666666
2017-01-05,6.65
2017-01-06,7.8
2017-01-07,7.816666666666666
2017-01-08,7.183333333333334
2017-01-09,6.133333333333334
2017-01-10,7.983333333333333
2017-01-11,7.383333333333334
2017-01-12,6.85
2017-01-13,6.283333333333333
2017-01-14,7.683333333333334
2017-01-15,6.283333333333333
2017-01-16,7.35
2017-01-17,4.633333333333334
2017-01-18,6.616666666666666
2017-01-19,7.016666666666667
2017-01-21,7.416666666666667
2017-01-22,7.583333333333333
2017-01-23,6.3
2017-01-24,6.466666666666667
2017-01-25,6.216666666666667
2017-01-26,7.2
2017-01-27,7.566666666666666
2017-01-28,5.9
2017-01-29,6.616666666666666
2017-01-30,6.65
2017-02-05,7.433333333333334
2017-02-06,7.25
2017-02-07,6.35
2017-02-08,5.4
2017-02-09,6.366666666666666
2017-02-10,7.383333333333334
2017-02-11,7.35
2017-02-12,7.1
2017-02-13,6.583333333333333
2017-02-14,7.283333333333333
2017-02-15,7.183333333333334
2017-02-16,6.316666666666666
2017-02-17,7.2
2017-02-18,7.3
2017-02-19,6.583333333333333
2017-02-20,7.0
2017-02-21,5.583333333333333
2017-02-22,6.95
2017-02-23,7.85
2017-02-24,6.616666666666666
2017-02-25,7.633333333333334
2017-02-26,6.566666666666666
2017-02-27,6.7
2017-02-28,6.983333333333333
2017-03-01,6.683333333333334
2017-03-02,6.316666666666666
2017-03-03,7.7
2017-03-04,6.133333333333334
2017-03-05,6.666666666666667
2017-03-06,6.65
2017-03-07,5.616666666666666
2017-03-08,5.833333333333333
2017-03-09,5.783333333333333
2017-03-10,6.433333333333334
2017-03-11,7.65
2017-03-12,7.883333333333334
2017-03-13,7.166666666666667
2017-03-14,6.733333333333333
2017-03-15,6.816666666666666
2017-03-16,6.733333333333333
2017-03-17,7.5
2017-03-18,8.016666666666667
2017-03-19,7.766666666666667
2017-03-20,6.316666666666666
2017-03-21,5.683333333333334
2017-03-22,5.6
2017-03-23,8.416666666666666
2017-03-27,7.016666666666667
2017-03-28,6.3
2017-03-29,6.366666666666666
2017-03-30,8.066666666666666
2017-03-31,6.85
2017-04-01,8.416666666666666
2017-04-02,5.6
2017-04-03,7.033333333333333
2017-04-04,7.216666666666667
2017-04-05,5.633333333333334
2017-04-06,7.166666666666667
2017-04-07,7.15
2017-04-08,7.25
2017-04-09,6.733333333333333
2017-04-10,5.033333333333333
2017-04-11,6.033333333333333
2017-04-12,5.633333333333334
2017-04-13,7.766666666666667
2017-04-14,6.7
2017-04-15,6.116666666666666
2017-04-16,7.466666666666667
2017-04-17,4.366666666666666
2017-04-18,7.833333333333333
2017-04-19,7.083333333333333
2017-04-20,5.416666666666667
2017-04-21,5.8
2017-04-22,6.866666666666666
2017-04-23,6.5
2017-04-24,6.833333333333333
2017-04-25,6.35
2017-04-26,7.033333333333333
2017-04-27,6.783333333333333
2017-04-28,6.6
2017-04-29,6.216666666666667
2017-04-30,6.45
2017-05-01,6.216666666666667
2017-05-02,5.933333333333334
2017-05-03,6.65
2017-05-04,7.533333333333333
2017-05-05,7.216666666666667
2017-05-06,5.55
2017-05-07,6.433333333333334
2017-05-08,6.5
2017-05-09,6.316666666666666
2017-05-10,7.383333333333334
2017-05-11,5.533333333333333
2017-05-12,6.716666666666667
2017-05-13,4.833333333333333
2017-05-14,6.433333333333334
2017-05-15,6.5
2017-05-16,6.283333333333333
2017-05-17,6.783333333333333
2017-05-18,6.283333333333333
2017-05-19,5.85
2017-05-20,6.233333333333333
2017-05-21,7.0
2017-05-22,5.833333333333333
2017-05-23,5.916666666666667
2017-05-24,7.3
2017-05-25,5.016666666666667
2017-05-26,5.566666666666666
2017-05-27,7.483333333333333
2017-05-28,7.483333333333333
2017-05-29,6.016666666666667
2017-05-30,6.133333333333334
2017-05-31,5.95
2017-06-01,7.3
2017-06-02,7.35
2017-06-03,5.466666666666667
2017-06-04,6.05
2017-06-05,5.283333333333333
2017-06-06,5.9
2017-06-07,6.1
2017-06-09,5.95
2017-06-10,5.3
2017-06-11,5.85
2017-06-12,5.4
2017-06-13,6.666666666666667
2017-06-14,5.766666666666667
2017-06-15,2.95
2017-06-16,5.55
2017-06-17,7.083333333333333
2017-06-18,6.783333333333333
2017-06-19,8.083333333333334
2017-06-20,7.683333333333334
2017-06-21,7.45
2017-06-22,6.65
2017-06-23,4.883333333333334
2017-06-24,8.033333333333333
2017-06-25,6.483333333333333
2017-06-26,5.066666666666666
2017-06-27,6.366666666666666
2017-06-28,6.416666666666667
2017-06-29,6.45
2017-06-30,5.633333333333334
2017-07-01,7.466666666666667
2017-07-02,5.233333333333333
2017-07-03,7.783333333333333
2017-07-04,6.566666666666666
2017-07-05,6.033333333333333
2017-07-06,6.516666666666667
2017-07-07,7.0
2017-07-08,6.316666666666666
2017-07-09,6.766666666666667
2017-07-10,6.916666666666667
2017-07-11,6.8
2017-07-12,5.883333333333334
2017-07-13,6.166666666666667
2017-07-14,6.416666666666667
2017-07-15,6.55
2017-07-16,6.133333333333334
2017-07-17,5.483333333333333
2017-07-18,6.25
2017-07-19,6.0
2017-07-20,6.95
2017-07-21,5.616666666666666
2017-07-22,6.616666666666666
2017-07-23,6.383333333333334
2017-07-24,5.333333333333333
2017-07-25,5.616666666666666
2017-07-26,5.666666666666667
2017-07-27,6.233333333333333
2017-07-28,6.883333333333334
2017-07-29,6.2
2017-07-30,6.683333333333334
2017-07-31,6.416666666666667
2017-08-01,5.95
2017-08-02,5.766666666666667
2017-08-03,7.966666666666667
2017-08-04,5.016666666666667
2017-08-05,8.416666666666666
2017-08-06,6.133333333333334
2017-08-07,5.95
2017-08-08,6.633333333333334
2017-08-09,7.566666666666666
2017-08-10,6.083333333333333
2017-08-11,6.233333333333333
2017-08-12,5.133333333333334
2017-08-13,6.9
2017-08-14,7.4
2017-08-15,6.883333333333334
2017-08-16,5.716666666666667
2017-08-17,6.883333333333334
2017-08-18,7.366666666666666
2017-08-19,6.933333333333334
2017-08-20,6.583333333333333
2017-08-21,6.666666666666667
2017-08-22,7.35
2017-08-23,6.733333333333333
2017-08-24,6.616666666666666
2017-08-25,7.166666666666667
2017-08-26,5.633333333333334
2017-08-27,6.55
2017-08-28,5.033333333333333
2017-08-29,6.316666666666666
2017-08-30,6.533333333333333
2017-08-31,2.066666666666667
2017-09-01,6.0
2017-09-02,6.383333333333334
2017-09-03,5.683333333333334
2017-09-04,6.533333333333333
2017-09-05,6.216666666666667
2017-09-06,6.35
2017-09-07,7.016666666666667
2017-09-08,7.416666666666667
2017-09-09,8.216666666666667
2017-09-10,7.366666666666666
2017-09-11,7.05
2017-09-12,7.766666666666667
2017-09-13,7.366666666666666
2017-09-15,5.283333333333333
2017-09-16,6.266666666666667
2017-09-17,5.916666666666667
2017-09-18,6.416666666666667
2017-09-19,5.716666666666667
2017-09-20,6.066666666666666
2017-09-21,7.133333333333334
2017-09-22,4.3
2017-09-23,7.033333333333333
2017-09-24,6.683333333333334
2017-09-25,6.55
2017-09-26,5.133333333333334
2017-09-27,10.2
2017-09-28,11.8
2017-09-29,14.866666666666667
2017-09-30,11.5
2017-10-01,13.2
2017-10-02,14.566666666666666
2017-10-03,13.066666666666666
2017-10-04,11.833333333333334
2017-10-05,12.766666666666667
2017-10-06,12.8
2017-10-07,12.533333333333333
2017-10-08,11.6
2017-10-09,16.266666666666666
2017-10-10,11.9
2017-10-11,10.866666666666667
2017-10-12,11.966666666666667
2017-10-13,10.033333333333333
2017-10-14,11.9
2017-10-15,17.2
2017-10-16,11.366666666666667
2017-10-17,12.8
2017-10-18,9.8
2017-10-19,13.8
2017-10-20,14.5
2017-10-21,8.4
2017-10-22,9.3
2017-10-23,13.433333333333334
2017-10-25,11.166666666666666
2017-10-26,12.633333333333333
2017-10-27,14.166666666666666
2017-10-28,13.433333333333334
2017-10-29,13.666666666666666
2017-10-30,12.0
2017-10-31,12.266666666666667
2017-11-01,13.4
2017-11-02,14.233333333333333
2017-11-03,13.2
2017-11-04,12.233333333333333
2017-11-05,13.133333333333333
2017-11-06,14.166666666666666
2017-11-07,11.666666666666666
2017-11-08,13.733333333333333
2017-11-09,12.633333333333333
2017-11-10,13.5
2017-11-11,11.433333333333334
2017-11-12,12.466666666666667
2017-11-13,12.233333333333333
2017-11-14,13.3
2017-11-15,12.533333333333333
2017-11-16,12.9
2017-11-17,12.3
2017-11-18,13.5
2017-11-19,11.7
2017-11-20,11.9
2017-11-21,13.566666666666666
2017-11-22,13.3
2017-11-23,13.466666666666667
2017-11-24,12.833333333333334
2017-11-25,13.566666666666666
2017-11-26,10.9
2017-11-27,13.633333333333333
2017-11-28,10.066666666666666
2017-11-29,16.5
2017-11-30,13.7
2017-12-01,12.2
2017-12-02,13.133333333333333
2017-12-03,14.266666666666667
2017-12-04,13.0
2017-12-05,15.533333333333333
2017-12-06,13.133333333333333
2017-12-07,10.2
2017-12-08,12.366666666666667
2017-12-09,10.666666666666666
2017-12-10,13.3
2017-12-11,15.933333333333334
2017-12-12,11.233333333333333
2017-12-13,14.1
2017-12-14,10.666666666666666
2017-12-15,13.766666666666667
2017-12-16,14.0
2017-12-17,13.466666666666667
2017-12-18,12.0
2017-12-19,13.633333333333333
2017-12-20,13.2
2017-12-21,13.033333333333333
2017-12-22,11.233333333333333
2017-12-23,14.833333333333334
2017-12-24,9.4
2017-12-25,14.866666666666667
2017-12-26,11.666666666666666
2017-12-27,15.1
2017-12-28,10.233333333333333
2017-12-29,11.5
2017-12-30,16.966666666666665
2017-12-31,12.666666666666666
2018-01-01,14.6
2018-01-02,15.033333333333333
2018-01-03,12.0
2018-01-04,16.5
2018-01-05,14.8
2018-01-06,13.266666666666667
2018-01-07,13.166666666666666
2018-01-08,14.533333333333333
2018-01-09,13.4
2018-01-10,13.066666666666666
2018-01-11,15.166666666666666
2018-01-12,10.133333333333333
2018-01-13,16.1
2018-01-14,10.833333333333334
2018-01-15,13.4
2018-01-16,13.5
2018-01-17,14.5
2018-01-18,10.7
2018-01-19,13.833333333333334
2018-01-20,13.266666666666667
2018-01-21,12.333333333333334
2018-01-22,14.4
2018-01-23,12.8
2018-01-24,9.333333333333334
2018-01-25,13.433333333333334
2018-01-26,13.533333333333333
2018-01-27,11.1
2018-01-28,12.666666666666666
2018-01-29,12.533333333333333
2018-01-30,12.766666666666667
2018-01-31,11.8
2018-02-01,14.966666666666667
2018-02-02,14.0
2018-02-03,11.8
2018-02-04,15.833333333333334
2018-02-05,12.633333333333333
2018-02-06,13.0
2018-02-07,14.666666666666666
2018-02-08,14.866666666666667
2018-02-09,15.166666666666666
2018-02-10,12.966666666666667
2018-02-11,13.7
2018-02-12,13.366666666666667
2018-02-13,12.466666666666667
2018-02-14,13.466666666666667
2018-02-15,11.533333333333333
2018-02-16,15.2
2018-02-17,12.933333333333334
2018-02-18,15.366666666666667
2018-02-19,11.466666666666667
2018-02-20,10.8
2018-02-21,13.5
2018-02-22,13.966666666666667
2018-02-23,12.766666666666667
2018-02-24,11.466666666666667
2018-02-25,7.133333333333334
2018-02-26,14.833333333333334
2018-02-27,13.2
2018-02-28,12.4
2018-03-01,13.1
2018-03-02,12.233333333333333
2018-03-03,11.9
2018-03-04,12.833333333333334
2018-03-05,12.933333333333334
2018-03-06,13.1
2018-03-07,11.466666666666667
2018-03-08,15.066666666666666
2018-03-09,12.733333333333333
2018-03-10,13.066666666666666
2018-03-11,11.933333333333334
2018-03-12,10.966666666666667
2018-03-13,14.433333333333334
2018-03-14,12.433333333333334
2018-03-15,14.966666666666667
2018-03-16,14.366666666666667
2018-03-17,12.933333333333334
2018-03-18,12.6
2018-03-19,14.733333333333333
2018-03-20,14.166666666666666
2018-03-21,15.266666666666667
2018-03-22,13.133333333333333
2018-03-23,16.033333333333335
2018-03-24,12.766666666666667
2018-03-25,12.9
2018-03-26,10.933333333333334
2018-03-27,13.2
2018-03-28,13.366666666666667
2018-03-29,13.0
2018-03-30,13.633333333333333
2018-03-31,13.966666666666667
2018-04-01,14.9
2018-04-02,14.333333333333334
2018-04-03,13.633333333333333
2018-04-04,12.533333333333333
2018-04-05,12.466666666666667
2018-04-06,12.733333333333333
2018-04-07,11.633333333333333
2018-04-08,12.133333333333333
2018-04-09,7.066666666666666
2018-04-10,14.6
2018-04-11,14.2
2018-04-12,11.333333333333334
2018-04-13,10.466666666666667
2018-04-14,15.766666666666667
2018-04-15,13.0
2018-04-16,11.7
2018-04-17,14.566666666666666
2018-04-18,12.633333333333333
2018-04-19,10.6
2018-04-20,11.9
2018-04-21,14.666666666666666
2018-04-22,15.5
2018-04-23,10.0
2018-04-24,13.8
2018-04-25,11.9
2018-04-26,15.0
2018-04-27,14.4
2018-04-28,12.0
2018-04-29,15.433333333333334
2018-04-30,13.066666666666666
2018-05-01,13.866666666666667
2018-05-02,12.133333333333333
2018-05-03,13.533333333333333
2018-05-04,12.0
2018-05-05,12.233333333333333
2018-05-06,12.5
2018-05-07,12.7
2018-05-08,12.8
2018-05-09,10.533333333333333
2018-05-10,14.466666666666667
2018-05-11,12.7
2018-05-12,16.966666666666665
2018-05-13,13.233333333333333
2018-05-14,10.1
2018-05-15,15.233333333333333
2018-05-16,11.333333333333334
2018-05-17,11.466666666666667
2018-05-18,11.866666666666667
2018-05-19,13.866666666666667
2018-05-20,8.733333333333333
2018-05-21,17.433333333333334
2018-05-22,11.9
2018-05-23,15.133333333333333
2018-05-24,12.466666666666667
2018-05-26,15.033333333333333
2018-05-27,11.4
2018-05-28,11.9
2018-05-29,13.9
2018-05-30,8.4
2018-05-31,13.133333333333333
2018-06-01,11.733333333333333
2018-06-02,13.366666666666667
2018-06-03,13.066666666666666
2018-06-04,11.533333333333333
2018-06-05,13.566666666666666
2018-06-06,12.8
2018-06-07,15.5
2018-06-08,11.966666666666667
2018-06-09,10.033333333333333
2018-06-10,15.066666666666666
2018-06-11,11.633333333333333
2018-06-12,13.5
2018-06-16,6.316666666666666
2018-06-17,6.466666666666667
2018-06-18,6.75
2018-06-19,6.283333333333333
2018-06-20,6.633333333333334
2018-06-21,6.6
2018-06-22,5.5
2018-06-23,5.766666666666667
2018-06-24,6.733333333333333
2018-06-25,6.583333333333333
2018-06-26,5.9
2018-06-27,6.516666666666667
2018-06-28,5.666666666666667
2018-06-29,6.35
2018-06-30,8.85
2018-07-01,6.883333333333334
2018-07-02,5.85
2018-07-03,7.383333333333334
2018-07-04,6.033333333333333
2018-07-05,6.7
2018-07-06,5.533333333333333
2018-07-07,6.916666666666667
2018-07-08,7.866666666666666
2018-07-09,6.6
2018-07-10,6.2
2018-07-11,6.55
2018-07-12,6.216666666666667
2018-07-13,5.783333333333333
2018-07-14,8.216666666666667
2018-07-15,5.116666666666666
2018-07-16,6.3
2018-07-17,7.266666666666667
2018-07-18,7.983333333333333
2018-07-19,7.716666666666667
2018-07-20,6.083333333333333
2018-07-21,8.716666666666667
2018-07-22,7.516666666666667
2018-07-23,6.216666666666667
2018-07-24,6.9
2018-07-25,6.383333333333334
2018-07-26,7.083333333333333
2018-07-27,7.216666666666667
2018-07-28,7.316666666666666
2018-07-29,7.183333333333334
2018-07-30,6.783333333333333
2018-07-31,6.883333333333334
2018-08-01,6.15
2018-08-02,6.883333333333334
2018-08-03,7.083333333333333
2018-08-04,7.483333333333333
2018-08-05,6.933333333333334
2018-08-06,5.8
2018-08-07,6.016666666666667
2018-08-08,6.7
2018-08-09,6.7
2018-08-10,7.2
2018-08-11,6.75
2018-08-12,7.05
2018-08-13,6.166666666666667
2018-08-14,4.7
2018-08-15,5.933333333333334
2018-08-16,6.533333333333333
2018-08-17,6.516666666666667
2018-08-18,8.666666666666666
2018-08-19,6.0
2018-08-20,6.183333333333334
2018-08-21,5.783333333333333
2018-08-22,7.233333333333333
2018-08-23,6.466666666666667
2018-08-24,6.55
2018-08-25,7.783333333333333
2018-08-26,7.283333333333333
2018-08-27,6.25
2018-08-28,6.783333333333333
2018-08-29,6.683333333333334
2018-08-30,7.133333333333334
2018-08-31,6.65
2018-09-01,6.966666666666667
2018-09-02,8.216666666666667
2018-09-03,6.983333333333333
2018-09-04,7.7
2018-09-05,6.416666666666667
2018-09-06,5.866666666666666
2018-09-07,6.733333333333333
2018-09-08,6.05
2018-09-09,7.766666666666667
2018-09-10,6.683333333333334
2018-09-11,6.0
2018-09-12,6.383333333333334
2018-09-13,6.433333333333334
2018-09-14,6.466666666666667
2018-09-15,6.666666666666667
2018-09-16,6.233333333333333
2018-09-17,7.016666666666667
2018-09-18,6.616666666666666
2018-09-19,5.15
2018-09-20,6.05
2018-09-21,5.583333333333333
2018-09-22,7.583333333333333
2018-09-23,7.066666666666666
2018-09-24,7.033333333333333
2018-09-25,2.8666666666666667
2018-09-26,4.516666666666667
2018-09-27,7.083333333333333
2018-09-28,6.916666666666667
2018-09-29,8.683333333333334
2018-09-30,7.866666666666666
2018-10-01,6.716666666666667
2018-10-02,6.833333333333333
2018-10-03,6.25
2018-10-04,7.116666666666666
2018-10-05,7.733333333333333
2018-10-06,5.933333333333334
2018-10-07,7.483333333333333
2018-10-08,6.883333333333334
2018-10-09,5.75
2018-10-10,7.5
2018-10-11,5.783333333333333
2018-10-12,7.633333333333334
2018-10-13,7.0
2018-10-14,7.6
2018-10-15,6.983333333333333
2018-10-16,6.916666666666667
2018-10-17,7.883333333333334
2018-10-18,6.633333333333334
2018-10-19,6.533333333333333
2018-10-20,7.85
2018-10-21,7.533333333333333
2018-10-22,7.433333333333334
2018-10-23,7.583333333333333
2018-10-24,6.783333333333333
2018-10-25,5.816666666666666
2018-10-26,7.216666666666667
2018-10-27,6.266666666666667
2018-10-28,7.55
2018-10-29,6.25
2018-10-30,5.783333333333333
2018-10-31,6.533333333333333
2018-11-01,7.133333333333334
2018-11-02,6.816666666666666
2018-11-03,6.25
2018-11-04,8.05
2018-11-05,6.583333333333333
2018-11-06,6.633333333333334
2018-11-07,6.116666666666666
2018-11-08,7.616666666666666
2018-11-09,6.616666666666666
2018-11-10,6.833333333333333
2018-11-11,8.716666666666667
2018-11-12,6.85
2018-11-13,6.95
2018-11-14,5.566666666666666
2018-11-15,6.5
2018-11-16,6.416666666666667
2018-11-17,7.433333333333334
2018-11-18,6.733333333333333
2018-11-19,5.766666666666667
2018-11-20,5.683333333333334
2018-11-21,6.3
2018-11-22,7.833333333333333
2018-11-23,5.25
2018-11-24,7.933333333333334
2018-11-25,6.45
2018-11-26,4.733333333333333
2018-11-27,5.333333333333333
2018-11-28,7.483333333333333
2018-11-29,7.366666666666666
2018-11-30,7.383333333333334
2018-12-01,7.783333333333333
2018-12-04,8.116666666666667
2018-12-05,6.383333333333334
2018-12-06,6.366666666666666
2018-12-07,7.05
2018-12-08,7.266666666666667
2018-12-09,7.4
2018-12-10,5.15
2018-12-11,7.566666666666666
2018-12-12,7.083333333333333
2018-12-13,6.866666666666666
2018-12-14,6.55
2018-12-15,6.9
2018-12-16,6.633333333333334
2018-12-17,4.1
2018-12-18,5.4
2018-12-19,6.966666666666667
2018-12-20,6.816666666666666
2018-12-21,6.6
2018-12-22,5.716666666666667
2018-12-23,7.683333333333334
2018-12-30,7.633333333333334
2019-01-01,4.8
2019-01-02,7.6
2019-01-03,7.3
2019-01-04,7.0
2019-01-05,7.233333333333333
2019-01-06,6.533333333333333
2019-01-07,5.75
2019-01-08,5.95
2019-01-09,6.066666666666666
2019-01-10,5.733333333333333
2019-01-11,7.1
2019-01-12,8.333333333333334
2019-01-13,7.6
2019-01-14,7.05
2019-01-15,5.433333333333334
2019-01-16,6.866666666666666
2019-01-17,6.75
2019-01-18,7.083333333333333
2019-01-19,7.9
2019-01-20,6.383333333333334
2019-01-21,5.85
2019-01-22,5.35
2019-01-23,6.633333333333334
2019-01-24,6.466666666666667
2019-01-25,6.25
2019-01-26,5.216666666666667
2019-01-27,8.85
2019-01-28,6.866666666666666
2019-01-29,6.25
2019-01-30,6.5
2019-01-31,6.516666666666667
2019-02-01,5.3
2019-02-02,7.183333333333334
2019-02-03,6.2
2019-02-04,7.116666666666666
2019-02-05,6.5
2019-02-06,6.7
2019-02-07,6.733333333333333
2019-02-08,6.666666666666667
2019-02-09,7.416666666666667
2019-02-10,6.616666666666666
2019-02-11,6.1
2019-02-12,5.633333333333334
2019-02-13,6.6
2019-02-14,5.483333333333333
2019-02-15,4.883333333333334
2019-02-16,6.183333333333334
2019-02-17,7.566666666666666
2019-02-18,5.5
2019-02-19,6.366666666666666
2019-02-20,6.7
2019-02-21,4.066666666666666
2019-02-22,8.133333333333333
2019-02-23,7.583333333333333
2019-02-24,7.566666666666666
2019-02-25,6.0
2019-02-26,6.95
2019-02-27,4.933333333333334
2019-02-28,5.916666666666667
2019-03-01,6.65
2019-03-02,6.0
2019-03-03,5.833333333333333
2019-03-04,6.666666666666667
2019-03-05,6.983333333333333
2019-03-06,6.483333333333333
2019-03-07,6.516666666666667
2019-03-08,7.233333333333333
2019-03-09,5.416666666666667
2019-03-10,4.6
2019-03-11,8.05
2019-03-12,6.583333333333333
2019-03-13,6.766666666666667
2019-03-14,6.166666666666667
2019-03-15,7.583333333333333
2019-03-16,6.8
2019-03-17,7.583333333333333
2019-03-18,4.85
2019-03-19,5.416666666666667
2019-03-20,6.233333333333333
2019-03-21,5.966666666666667
2019-03-22,5.016666666666667
2019-03-23,6.666666666666667
2019-03-24,7.316666666666666
2019-03-25,6.333333333333333
2019-03-26,5.5
2019-03-27,6.383333333333334
2019-03-28,7.233333333333333
2019-03-29,7.65
2019-03-30,5.9
2019-03-31,7.55
2019-04-01,6.533333333333333
2019-04-02,6.8
2019-04-03,6.666666666666667
2019-04-04,6.9
2019-04-05,5.9
2019-04-06,6.383333333333334
2019-04-07,6.583333333333333
2019-04-08,3.4833333333333334
2019-04-09,6.166666666666667
2019-04-10,7.033333333333333
2019-04-11,7.133333333333334
2019-04-12,6.3
2019-04-13,8.5
2019-04-14,7.0
2019-04-15,6.316666666666666
2019-04-16,6.4
2019-04-17,6.683333333333334
2019-04-18,6.516666666666667
2019-04-19,7.116666666666666
2019-04-20,7.133333333333334
2019-04-21,6.7
2019-04-24,6.833333333333333
2019-04-25,6.233333333333333
2019-04-26,6.45
2019-04-27,6.633333333333334
2019-04-28,5.683333333333334
2019-04-29,5.8
2019-04-30,5.45
2019-05-01,6.833333333333333
2019-05-02,6.4
2019-05-03,6.4
2019-05-04,4.166666666666667
2019-05-05,7.583333333333333
2019-05-06,6.333333333333333
2019-05-07,6.833333333333333
2019-05-08,6.7
2019-05-09,6.666666666666667
2019-05-10,6.35
2019-05-11,5.616666666666666
2019-05-12,7.266666666666667
2019-05-13,6.233333333333333
2019-05-14,5.716666666666667
2019-05-15,6.966666666666667
2019-05-16,6.833333333333333
2019-05-17,7.233333333333333
2019-05-18,6.266666666666667
2019-05-19,6.6
2019-05-20,6.766666666666667
2019-05-21,6.0
2019-05-22,7.133333333333334
2019-05-23,6.416666666666667
2019-05-24,6.016666666666667
2019-05-27,5.616666666666666
2019-05-28,6.3
2019-05-29,6.116666666666666
2019-05-30,6.766666666666667
2019-05-31,6.5
2019-06-01,6.433333333333334
2019-06-02,6.433333333333334
2019-06-03,4.8
2019-06-04,6.266666666666667
2019-06-05,5.433333333333334
2019-06-06,5.833333333333333
2019-06-07,5.666666666666667
2019-06-08,6.483333333333333
2019-06-09,6.383333333333334
2019-06-10,6.233333333333333
2019-06-11,6.083333333333333
2019-06-12,7.05
2019-06-13,6.5
2019-06-14,5.6
2019-06-15,6.183333333333334
2019-06-16,6.95
2019-06-17,6.9
2019-06-18,7.333333333333333
2019-06-19,6.6
2019-06-20,6.066666666666666
2019-06-21,6.55
2019-06-22,7.416666666666667
2019-06-23,7.15
2019-06-24,7.133333333333334
2019-06-25,5.583333333333333
2019-06-26,5.083333333333333
2019-06-27,7.916666666666667
2019-06-28,6.383333333333334
2019-06-29,5.75
2019-06-30,6.516666666666667
2019-07-01,6.383333333333334
2019-07-02,5.833333333333333
2019-07-03,7.116666666666666
2019-07-04,7.566666666666666
2019-07-05,5.283333333333333
2019-07-06,5.783333333333333
2019-07-07,6.4
2019-07-08,6.966666666666667
2019-07-09,7.466666666666667
2019-07-10,7.466666666666667
2019-07-11,5.233333333333333
2019-07-12,5.683333333333334
2019-07-13,5.7
2019-07-14,8.466666666666667
2019-07-15,5.816666666666666
2019-07-16,5.65
2019-07-17,7.116666666666666
2019-07-18,7.25
2019-07-19,5.466666666666667
2019-07-20,6.316666666666666
2019-07-21,6.8
2019-07-22,6.716666666666667
2019-07-23,7.616666666666666
2019-07-24,6.966666666666667
2019-07-25,7.15
2019-07-26,6.5
2019-07-27,7.316666666666666
2019-07-28,5.716666666666667
2019-07-29,5.983333333333333
2019-07-30,7.3
2019-07-31,5.416666666666667
2019-08-01,7.833333333333333
2019-08-02,5.4
2019-08-03,7.966666666666667
2019-08-04,5.783333333333333
2019-08-05,6.233333333333333
2019-08-06,6.2
2019-08-07,7.05
2019-08-09,6.916666666666667
2019-08-10,7.366666666666666
2019-08-11,7.6
2019-08-12,6.4
2019-08-13,6.616666666666666
2019-08-14,8.7
2019-08-15,6.8
2019-08-16,3.466666666666667
2019-08-17,7.5
2019-08-18,6.266666666666667
2019-08-19,7.45
2019-08-20,6.833333333333333
2019-08-21,6.716666666666667
2019-08-22,7.883333333333334
2019-08-23,7.916666666666667
2019-08-24,7.45
2019-08-25,6.783333333333333
2019-08-26,7.45
2019-08-27,6.533333333333333
2019-08-28,7.016666666666667
2019-08-29,7.75
2019-08-30,6.516666666666667
2019-08-31,7.083333333333333
2019-09-01,7.016666666666667
2019-09-02,6.983333333333333
2019-09-03,6.766666666666667
2019-09-04,6.983333333333333
2019-09-05,7.966666666666667
2019-09-06,6.433333333333334
2019-09-07,6.666666666666667
2019-09-08,7.216666666666667
2019-09-09,6.733333333333333
2019-09-10,8.166666666666666
2019-09-11,6.066666666666666
2019-09-12,6.333333333333333
2019-09-13,7.15
2019-09-14,7.15
2019-09-15,7.666666666666667
2019-09-16,5.933333333333334
2019-09-17,6.716666666666667
2019-09-18,7.383333333333334
2019-09-19,8.3
2019-09-20,6.8
2019-09-21,5.916666666666667
2019-09-22,8.466666666666667
2019-09-23,6.016666666666667
2019-09-24,5.516666666666667
2019-09-25,5.483333333333333
2019-09-26,7.366666666666666
2019-09-27,6.816666666666666
2019-09-28,7.9
2019-09-29,8.0
2019-09-30,5.35
2019-10-01,6.466666666666667
2019-10-02,6.35
2019-10-03,5.7
2019-10-04,6.5
2019-10-05,5.766666666666667
2019-10-06,6.516666666666667
2019-10-07,7.166666666666667
2019-10-08,5.533333333333333
2019-10-09,6.0
2019-10-10,5.95
2019-10-11,3.8666666666666667
2019-10-12,6.316666666666666
2019-10-13,6.55
2019-10-14,6.35
2019-10-15,4.183333333333334
2019-10-16,5.316666666666666
2019-10-17,6.183333333333334
2019-10-18,7.016666666666667
2019-10-19,6.483333333333333
2019-10-20,6.833333333333333
2019-10-21,5.5
2019-10-22,6.366666666666666
2019-10-23,5.233333333333333
2019-10-24,6.316666666666666
2019-10-25,6.333333333333333
2019-10-26,7.65
2019-10-27,9.533333333333333
2019-10-28,4.15
2019-10-29,4.966666666666667
2019-10-30,6.85
2019-10-31,6.8
2019-11-01,6.216666666666667
2019-11-02,6.6
2019-11-03,4.516666666666667
2019-11-04,7.966666666666667
2019-11-05,7.066666666666666
2019-11-06,6.516666666666667
2019-11-07,7.483333333333333
2019-11-08,7.283333333333333
2019-11-09,6.816666666666666
2019-11-10,7.033333333333333
2019-11-11,5.266666666666667
2019-11-12,6.316666666666666
2019-11-13,6.216666666666667
2019-11-14,5.866666666666666
2019-11-15,7.433333333333334
2019-11-16,6.333333333333333
2019-11-17,7.216666666666667
2019-11-18,5.683333333333334
2019-11-19,6.666666666666667
2019-11-20,5.75
2019-11-21,4.05
2019-11-22,6.683333333333334
2019-11-23,6.183333333333334
2019-11-24,7.516666666666667
2019-11-25,5.75
2019-11-26,4.0
2019-11-27,5.966666666666667
2019-11-28,6.75
2019-11-29,5.083333333333333
2019-11-30,7.5
2019-12-01,7.816666666666666
2019-12-02,5.916666666666667
2019-12-03,6.95
2019-12-04,6.083333333333333
2019-12-05,6.766666666666667
2019-12-06,6.7
2019-12-07,9.816666666666666
2019-12-08,6.783333333333333
2019-12-09,4.05
2019-12-10,6.05
2019-12-11,5.583333333333333
2019-12-12,5.8
2019-12-13,7.466666666666667
2019-12-14,7.5
2019-12-15,4.383333333333334
2019-12-16,6.9
2019-12-17,6.616666666666666
2019-12-18,6.066666666666666
2019-12-19,6.816666666666666
2019-12-20,6.683333333333334
2019-12-21,7.333333333333333
2019-12-22,7.433333333333334
2019-12-23,7.183333333333334
2019-12-24,5.95
2019-12-25,6.233333333333333
2019-12-26,6.233333333333333
2019-12-27,6.85
2019-12-28,6.633333333333334
2019-12-29,6.2
2019-12-30,5.5
2019-12-31,8.083333333333334
2020-01-01,4.933333333333334
2020-01-02,5.766666666666667
2020-01-03,6.983333333333333
2020-01-04,7.45
2020-01-05,6.3
2020-01-06,6.15
2020-01-07,7.033333333333333
2020-01-08,6.316666666666666
2020-01-09,5.916666666666667
2020-01-10,4.266666666666667
2020-01-11,6.933333333333334
2020-01-12,7.983333333333333
2020-01-13,5.183333333333334
2020-01-14,3.5833333333333335
2020-01-15,5.616666666666666
2020-01-16,7.983333333333333
2020-01-17,7.816666666666666
2020-01-18,6.166666666666667
2020-01-19,6.316666666666666
2020-01-20,8.116666666666667
2020-01-21,8.2
2020-01-22,7.216666666666667
2020-01-23,5.966666666666667
2020-01-24,5.8
2020-01-25,6.883333333333334
2020-01-26,7.3
2020-01-27,7.9
2020-01-28,7.216666666666667
2020-01-29,6.566666666666666
2020-01-30,7.05
2020-01-31,6.266666666666667
2020-02-01,7.083333333333333
2020-02-02,6.916666666666667
2020-02-03,7.15
2020-02-04,6.366666666666666
2020-02-05,6.516666666666667
2020-02-06,7.05
2020-02-07,7.533333333333333
2020-02-08,7.25
2020-02-09,7.116666666666666
2020-02-10,7.266666666666667
2020-02-11,5.95
2020-02-12,6.583333333333333
2020-02-13,6.883333333333334
2020-02-14,6.233333333333333
2020-02-15,7.466666666666667
2020-02-16,7.683333333333334
2020-02-17,1.65
2020-02-18,5.666666666666667
2020-02-19,8.383333333333333
2020-02-20,7.966666666666667
2020-02-21,7.066666666666666
2020-02-22,7.483333333333333
2020-02-23,6.25
2020-02-24,6.366666666666666
2020-02-25,5.65
2020-02-26,6.733333333333333
2020-02-27,7.183333333333334
2020-02-28,6.216666666666667
2020-02-29,7.633333333333334
2020-03-01,5.866666666666666
2020-03-02,6.5
2020-03-03,5.416666666666667
2020-03-04,8.033333333333333
2020-03-05,5.866666666666666
2020-03-06,9.016666666666667
2020-03-08,6.966666666666667
2020-03-09,7.45
2020-03-10,6.2
2020-03-11,7.266666666666667
2020-03-12,7.716666666666667
2020-03-13,7.316666666666666
2020-03-14,7.933333333333334
2020-03-15,8.433333333333334
2020-03-16,6.45
2020-03-17,7.466666666666667
2020-03-18,5.65
2020-03-19,7.033333333333333
2020-03-20,7.55
2020-03-21,7.016666666666667
2020-03-22,6.266666666666667
2020-03-23,6.95
2020-03-24,6.85
2020-03-25,7.433333333333334
2020-03-26,7.683333333333334
2020-03-27,6.616666666666666
2020-03-28,6.45
2020-03-29,5.983333333333333
2020-03-30,6.6
2020-03-31,5.566666666666666
2020-04-01,7.583333333333333
2020-04-02,7.283333333333333
2020-04-03,6.183333333333334
2020-04-04,7.083333333333333
2020-04-05,6.416666666666667
2020-04-06,7.35
2020-04-07,5.85
2020-04-08,4.933333333333334
2020-04-09,5.85
2020-04-10,6.283333333333333
2020-04-11,5.75
2020-04-12,6.216666666666667
2020-04-13,4.866666666666666
2020-04-14,4.516666666666667
2020-04-15,6.266666666666667
2020-04-16,6.566666666666666
2020-04-17,6.233333333333333
2020-04-18,6.566666666666666
2020-04-19,6.916666666666667
2020-04-20,4.25
2020-04-21,6.183333333333334
2020-04-22,5.9
2020-04-23,7.483333333333333
2020-04-24,5.733333333333333
2020-04-25,6.483333333333333
2020-04-26,6.4
2020-04-27,7.266666666666667
2020-04-28,5.833333333333333
2020-04-29,5.35
2020-04-30,8.7
2020-05-01,5.5
2020-05-02,5.45
2020-05-03,6.183333333333334
2020-05-04,5.983333333333333
2020-05-05,7.483333333333333
2020-05-06,6.05
2020-05-07,7.666666666666667
2020-05-08,5.5
2020-05-09,6.5
2020-05-10,8.133333333333333
2020-05-11,7.733333333333333
2020-05-12,6.95
2020-05-13,6.1
2020-05-14,4.883333333333334
2020-05-15,6.833333333333333
2020-05-16,7.183333333333334
2020-05-17,7.566666666666666
2020-05-18,6.5
2020-05-19,6.066666666666666
2020-05-20,6.233333333333333
2020-05-21,7.266666666666667
2020-05-22,6.933333333333334
2020-05-23,7.783333333333333
2020-05-24,6.566666666666666
2020-05-25,5.8
2020-05-26,5.95
2020-05-27,6.916666666666667
2020-05-28,6.466666666666667
2020-05-29,6.883333333333334
2020-05-30,8.466666666666667
2020-05-31,6.616666666666666
2020-06-01,7.433333333333334
2020-06-02,6.833333333333333
2020-06-03,6.116666666666666
2020-06-04,7.333333333333333
2020-06-05,6.983333333333333
2020-06-06,6.25
2020-06-07,4.383333333333334
2020-06-08,6.383333333333334
2020-06-09,5.933333333333334
2020-06-10,7.133333333333334
2020-06-11,5.85
2020-06-13,7.233333333333333
2020-06-14,6.7
2020-06-15,6.766666666666667
2020-06-16,5.5
2020-06-17,8.783333333333333
2020-06-18,7.333333333333333
2020-06-19,6.916666666666667
2020-06-20,7.466666666666667
2020-06-21,8.266666666666667
2020-06-22,7.7
2020-06-23,5.766666666666667
2020-06-24,6.566666666666666
2020-06-25,6.916666666666667
2020-06-26,7.15
2020-06-27,6.916666666666667
2020-06-28,5.633333333333334
2020-06-29,6.383333333333334
2020-06-30,7.283333333333333
2020-07-01,6.083333333333333
2020-07-02,8.333333333333334
2020-07-03,7.783333333333333
2020-07-04,7.733333333333333
2020-07-05,7.183333333333334
2020-07-07,3.183333333333333
2020-07-08,7.316666666666666
2020-07-09,7.416666666666667
2020-07-10,7.033333333333333
2020-07-11,6.0
2020-07-12,6.95
2020-07-13,7.3
2020-07-14,7.15
2020-07-15,7.3
2020-07-16,9.583333333333334
2020-07-17,8.166666666666666
2020-07-18,6.716666666666667
2020-07-19,7.266666666666667
2020-07-20,4.766666666666667
2020-07-21,4.883333333333334
2020-07-22,6.433333333333334
2020-07-23,6.55
2020-07-24,7.233333333333333
2020-07-25,5.633333333333334
2020-07-26,7.483333333333333
2020-07-27,7.766666666666667
2020-07-28,6.966666666666667
2020-07-29,7.1
2020-07-30,7.35
2020-07-31,8.316666666666666
2020-08-01,6.533333333333333
2020-08-02,7.916666666666667
2020-08-03,5.666666666666667
2020-08-04,5.483333333333333
2020-08-05,7.1
2020-08-06,6.783333333333333
2020-08-07,6.95
2020-08-08,7.183333333333334
2020-08-09,6.216666666666667
2020-08-10,6.35
2020-08-11,7.25
2020-08-12,5.916666666666667
2020-08-13,5.183333333333334
2020-08-14,5.816666666666666
2020-08-15,6.533333333333333
2020-08-16,6.483333333333333
2020-08-17,6.2
2020-08-18,7.3
2020-08-19,7.85
2020-08-20,1.5
2020-08-21,4.533333333333333
2020-08-22,8.233333333333333
2020-08-23,6.216666666666667
2020-08-24,6.966666666666667
2020-08-25,6.966666666666667
2020-08-26,5.2
2020-08-27,8.083333333333334
2020-08-28,7.25
2020-08-29,6.816666666666666
2020-08-30,7.966666666666667
2020-08-31,8.3
2020-09-01,5.966666666666667
2020-09-02,5.866666666666666
2020-09-03,2.25
2020-09-04,6.566666666666666
2020-09-05,8.016666666666667
2020-09-06,6.333333333333333
2020-09-07,6.533333333333333
2020-09-08,7.133333333333334
2020-09-09,7.583333333333333
2020-09-10,3.95
2020-09-11,6.516666666666667
2020-09-12,7.666666666666667
2020-09-13,4.183333333333334
2020-09-14,4.233333333333333
2020-09-15,6.466666666666667
2020-09-16,6.85
2020-09-17,6.583333333333333
2020-09-18,5.183333333333334
2020-09-19,5.583333333333333
2020-09-21,7.5
2020-09-22,4.65
2020-09-26,7.216666666666667
2020-09-27,6.616666666666666
2020-09-28,6.95
2020-09-29,8.025
2020-09-30,7.616666666666666
2020-10-01,6.108333333333333
2020-10-02,6.775
2020-10-03,5.641666666666667
2020-10-04,6.466666666666667
2020-10-05,6.108333333333333
2020-10-06,5.375
2020-10-07,8.066666666666666
2020-10-08,6.508333333333334
2020-10-09,7.508333333333333
2020-10-10,6.241666666666667
2020-10-11,6.75
2020-10-12,6.15
2020-10-13,7.483333333333333
2020-10-14,7.341666666666667
2020-10-15,7.566666666666666
2020-10-16,6.266666666666667
2020-10-17,6.225
2020-10-18,6.966666666666666
2020-10-19,6.1
2020-10-20,6.05
2020-10-21,7.258333333333334
2020-10-22,7.2666666666666675
2020-10-23,7.333333333333334
2020-10-24,6.575
2020-10-25,6.800000000000001
2020-10-26,5.95
2020-10-27,6.141666666666667
2020-10-28,6.541666666666667
2020-10-29,6.533333333333333
2020-10-30,6.075
2020-10-31,6.35
2020-11-01,7.3916666666666675
2020-11-02,7.683333333333333
2020-11-03,7.141666666666667
2020-11-04,5.741666666666667
2020-11-05,6.075
2020-11-06,6.316666666666666
2020-11-07,6.625
2020-11-08,6.991666666666666
2020-11-09,7.233333333333333
2020-11-10,7.275
2020-11-11,5.783333333333333
2020-11-12,6.716666666666667
2020-11-13,6.550000000000001
2020-11-14,7.083333333333333
2020-11-15,6.933333333333334
2020-11-16,6.725
2020-11-17,6.725
2020-11-18,7.116666666666666
2020-11-19,7.283333333333333
2020-11-20,6.775
2020-11-21,7.266666666666667
2020-11-22,6.775
2020-11-23,8.558333333333334
2020-11-24,6.516666666666667
2020-11-25,6.208333333333334
2020-11-27,5.35
2020-11-28,5.991666666666666
2020-11-29,6.333333333333334
2020-11-30,6.258333333333334
2020-12-01,6.341666666666667
2020-12-02,6.283333333333333
2020-12-03,6.133333333333333
2020-12-04,5.466666666666667
2020-12-05,6.908333333333333
2020-12-06,6.983333333333333
2020-12-07,6.3500000000000005
2020-12-08,6.058333333333334
2020-12-09,6.066666666666666
2020-12-10,5.883333333333333
2020-12-11,5.841666666666667
2020-12-12,7.091666666666667
2020-12-13,6.541666666666666
2020-12-14,5.383333333333333
2020-12-15,5.508333333333333
2020-12-16,5.841666666666667
2020-12-17,5.6
2020-12-18,5.183333333333334
2020-12-19,5.816666666666666
2020-12-20,5.633333333333333
2020-12-21,6.583333333333334
2020-12-22,6.241666666666666
2020-12-23,7.058333333333334
2020-12-24,4.6000000000000005
2020-12-25,9.066666666666666
2020-12-26,6.358333333333333
2020-12-27,5.725
2020-12-28,5.266666666666667
2020-12-29,6.191666666666666
2020-12-30,6.266666666666667
2020-12-31,6.55
2021-01-01,6.333333333333333
2021-01-02,5.925
2021-01-03,5.858333333333333
2021-01-04,5.883333333333334
2021-01-05,6.141666666666667
2021-01-06,4.491666666666667
2021-01-07,6.708333333333333
2021-01-08,6.441666666666666
2021-01-09,6.283333333333333
2021-01-10,7.15
2021-01-11,6.533333333333333
2021-01-12,6.875
2021-01-13,6.6
2021-01-14,5.691666666666667
2021-01-15,5.491666666666667
2021-01-16,6.466666666666667
2021-01-17,8.633333333333333
2021-01-18,6.333333333333333
2021-01-19,6.216666666666668
2021-01-20,5.733333333333333
2021-01-21,7.966666666666667
2021-01-22,7.85
2021-01-23,6.708333333333334
2021-01-24,7.491666666666667
2021-01-25,6.408333333333333
2021-01-26,6.866666666666667
2021-01-27,5.158333333333333
2021-01-28,6.641666666666667
2021-01-29,8.008333333333333
2021-01-30,7.066666666666666
2021-01-31,6.75
2021-02-01,6.916666666666667
2021-02-02,5.7
2021-02-03,7.316666666666666
2021-02-04,6.091666666666667
2021-02-05,7.258333333333334
2021-02-06,7.1416666666666675
2021-02-07,6.108333333333333
2021-02-08,6.141666666666667
2021-02-09,5.941666666666667
2021-02-10,6.075
2021-02-11,6.358333333333333
2021-02-12,7.125
2021-02-13,7.3500000000000005
2021-02-15,7.983333333333333
2021-02-16,7.958333333333333
2021-02-17,6.458333333333334
2021-02-18,7.608333333333333
2021-02-19,6.7749999999999995
2021-02-20,7.1
2021-02-21,6.3
2021-02-22,6.833333333333333
2021-02-23,6.483333333333333
2021-02-24,7.066666666666666
2021-02-25,6.775
2021-02-26,7.483333333333333
2021-02-27,8.458333333333334
2021-02-28,6.941666666666666
2021-03-01,7.458333333333334
2021-03-02,7.325
2021-03-03,5.875
2021-03-04,6.691666666666667
2021-03-05,7.233333333333333
2021-03-06,6.266666666666667
2021-03-07,7.266666666666667
2021-03-08,7.516666666666667
2021-03-09,7.025
2021-03-10,6.941666666666667
2021-03-11,6.116666666666666
2021-03-12,7.641666666666667
2021-03-13,7.483333333333333
2021-03-14,8.316666666666666
2021-03-15,7.016666666666667
2021-03-16,6.533333333333334
2021-03-17,7.525
2021-03-18,7.0
2021-03-19,7.141666666666667
2021-03-20,6.366666666666667
2021-03-21,7.225
2021-03-22,7.35
2021-03-23,7.35
2021-03-24,7.0
2021-03-25,8.191666666666666
2021-03-26,7.166666666666667
2021-03-27,8.166666666666666
2021-03-28,6.6
2021-03-29,8.391666666666667
2021-03-30,7.4
2021-03-31,6.258333333333334
2021-04-01,6.766666666666667
2021-04-02,7.641666666666667
2021-04-03,6.95
2021-04-04,6.416666666666667
2021-04-05,5.491666666666667
2021-04-06,7.258333333333333
2021-04-07,6.533333333333334
2021-04-08,6.483333333333333
2021-04-09,6.483333333333333
2021-04-10,6.85
2021-04-11,7.616666666666667
2021-04-12,7.033333333333333
2021-04-13,6.516666666666667
2021-04-14,6.183333333333334
2021-04-15,6.641666666666667
2021-04-16,6.233333333333333
2021-04-17,6.783333333333333
2021-04-18,7.7
2021-04-19,6.533333333333333
2021-04-20,6.85
2021-04-21,7.383333333333333
2021-04-22,7.283333333333333
2021-04-23,6.725
2021-04-24,7.266666666666667
2021-04-25,7.191666666666666
2021-04-26,6.416666666666667
2021-04-27,6.675000000000001
2021-04-28,6.691666666666666
2021-04-29,6.508333333333333
2021-05-01,7.5249999999999995
2021-05-02,6.666666666666667
2021-05-03,7.066666666666666
2021-05-04,6.358333333333333
2021-05-05,6.966666666666667
2021-05-06,6.866666666666667
2021-05-07,7.483333333333333
2021-05-08,7.0166666666666675
2021-05-09,6.733333333333333
2021-05-10,6.375
2021-05-11,7.875
2021-05-12,6.916666666666667
2021-05-13,6.65
2021-05-14,6.216666666666667
2021-05-15,7.416666666666667
2021-05-16,6.508333333333334
2021-05-17,6.383333333333334
2021-05-18,7.791666666666667
2021-05-19,6.358333333333333
2021-05-20,6.591666666666667
2021-05-21,7.608333333333333
2021-05-22,8.916666666666666
2021-05-23,5.416666666666666
2021-05-24,6.475
2021-05-25,7.633333333333333
2021-05-26,5.883333333333334
2021-05-27,8.891666666666667
2021-05-28,7.05
2021-05-29,6.991666666666666
2021-05-30,5.333333333333333
2021-05-31,7.608333333333333
2021-06-01,5.991666666666667
2021-06-02,7.1416666666666675
2021-06-03,7.008333333333333
2021-06-04,6.966666666666667
2021-06-05,8.391666666666666
2021-06-06,7.991666666666666
2021-06-07,5.983333333333333
2021-06-08,5.908333333333334
2021-06-09,6.383333333333334
2021-06-10,9.850000000000001
2021-06-11,7.2
2021-06-12,8.4
2021-06-13,7.075
2021-06-14,6.566666666666666
2021-06-15,6.758333333333334
2021-06-16,7.133333333333333
2021-06-18,7.358333333333333
2021-06-19,8.525
2021-06-20,7.625
2021-06-21,7.333333333333333
2021-06-22,7.550000000000001
2021-06-23,7.658333333333333
2021-06-24,6.3
2021-06-25,6.45
2021-06-26,8.283333333333333
2021-06-27,6.516666666666667
2021-06-28,7.675
2021-06-29,6.416666666666667
2021-06-30,8.275
2021-07-01,7.3999999999999995
2021-07-02,6.116666666666666
2021-07-03,7.983333333333333
2021-07-04,7.375
2021-07-05,7.441666666666666
2021-07-06,6.816666666666666
2021-07-07,8.525
2021-07-08,6.325
2021-07-09,7.2
2021-07-10,6.816666666666666
2021-07-11,6.083333333333334
2021-07-12,5.733333333333333
2021-07-13,6.383333333333333
2021-07-14,6.158333333333333
2021-07-15,6.433333333333333
2021-07-16,5.866666666666666
2021-07-17,6.183333333333334
2021-07-18,7.55
2021-07-19,6.9
2021-07-20,7.291666666666666
2021-07-21,7.758333333333334
2021-07-22,7.133333333333333
2021-07-23,7.55
2021-07-24,8.0
2021-07-25,5.7749999999999995
2021-07-26,8.1
2021-07-27,5.3
2021-07-28,7.383333333333333
2021-07-29,6.958333333333333
2021-07-30,6.666666666666666
2021-07-31,6.7250000000000005
2021-08-01,6.75
2021-08-02,6.616666666666666
2021-08-03,5.675
2021-08-04,8.766666666666666
2021-08-05,7.2666666666666675
2021-08-06,5.691666666666666
2021-08-07,7.9
2021-08-08,7.2
2021-08-09,6.225
2021-08-10,6.166666666666666
2021-08-11,5.058333333333334
2021-08-12,7.991666666666667
2021-08-13,7.275
2021-08-14,4.858333333333333
2021-08-15,9.066666666666666
2021-08-16,5.55
2021-08-17,6.641666666666667
2021-08-18,8.558333333333334
2021-08-19,7.016666666666666
2021-08-20,5.775
2021-08-21,7.833333333333333
2021-08-22,8.266666666666667
2021-08-23,7.283333333333332
2021-08-24,5.391666666666667
2021-08-25,6.216666666666667
2021-08-26,7.141666666666667
2021-08-28,6.875
2021-08-29,6.824999999999999
2021-08-30,7.033333333333333
2021-08-31,7.041666666666666
2021-09-01,7.4
2021-09-02,7.191666666666666
2021-09-03,5.7
2021-09-04,8.65
2021-09-06,7.175000000000001
2021-09-07,7.391666666666667
2021-09-08,6.425000000000001
2021-09-09,7.258333333333334
2021-09-10,6.308333333333334
2021-09-11,6.608333333333333
2021-09-12,8.408333333333333
2021-09-13,7.233333333333333
2021-09-15,6.316666666666666
2021-09-16,7.7250000000000005
2021-09-17,5.983333333333333
2021-09-18,6.983333333333333
2021-09-19,5.591666666666667
2021-09-20,7.775
2021-09-21,6.45
2021-09-22,6.491666666666666
2021-09-23,6.108333333333333
2021-09-24,6.033333333333333
2021-09-25,6.658333333333333
2021-09-26,6.291666666666667
2021-09-27,5.783333333333333
2021-09-28,8.166666666666666
2021-09-29,6.05
2021-09-30,7.191666666666666
2021-10-01,7.45
2021-10-02,6.583333333333333
2021-10-03,7.566666666666666
2021-10-04,7.533333333333333
2021-10-05,6.791666666666667
2021-10-06,6.983333333333333
2021-10-07,6.7
2021-10-08,8.375
2021-10-09,7.666666666666666
2021-10-10,8.333333333333334
2021-10-11,6.608333333333333
2021-10-12,6.216666666666667
2021-10-13,5.908333333333334
2021-10-14,7.625
2021-10-15,7.75
2021-10-16,6.199999999999999
2021-10-17,7.5166666666666675
2021-10-18,6.8
2021-10-19,7.891666666666667
2021-10-20,7.491666666666667
2021-10-21,7.425000000000001
2021-10-22,6.591666666666667
2021-10-23,7.058333333333334
2021-10-24,6.775
2021-10-25,7.691666666666666
2021-10-26,7.358333333333333
2021-10-27,5.775
2021-10-28,8.666666666666666
2021-10-29,8.508333333333333
2021-10-30,6.866666666666667
2021-10-31,6.3
2021-11-01,6.45
2021-11-02,6.458333333333333
2021-11-03,6.675
2021-11-04,6.775
2021-11-05,7.266666666666667
2021-11-06,5.941666666666666
2021-11-07,6.516666666666667
2021-11-08,6.391666666666667
2021-11-09,6.333333333333333
2021-11-10,7.341666666666667
2021-11-11,7.233333333333333
2021-11-12,7.433333333333334
2021-11-13,7.833333333333334
2021-11-14,8.975
2021-11-15,7.658333333333333
2021-11-16,5.641666666666667
2021-11-17,6.708333333333334
2021-11-18,7.7
2021-11-19,7.108333333333333
2021-11-20,7.2749999999999995
2021-11-21,6.6
2021-11-22,7.216666666666667
2021-11-24,7.15
2021-11-25,7.241666666666666
2021-11-26,8.716666666666667
2021-11-27,6.341666666666667
2021-11-28,7.158333333333333
2021-11-29,6.041666666666667
2021-11-30,5.833333333333333
2021-12-01,7.358333333333333
2021-12-02,7.55
2021-12-03,7.075
2021-12-04,6.141666666666667
2021-12-05,5.533333333333333
2021-12-06,6.133333333333334
2021-12-07,6.1
2021-12-08,6.141666666666667
2021-12-09,6.766666666666667
2021-12-10,5.8
2021-12-11,8.583333333333334
2021-12-12,6.8583333333333325
2021-12-13,7.008333333333334
2021-12-14,5.6
2021-12-15,6.733333333333333
2021-12-16,5.933333333333334
2021-12-17,7.7250000000000005
2021-12-18,7.9
2021-12-19,5.716666666666667
2021-12-20,6.783333333333333
2021-12-21,6.575
2021-12-22,6.15
2021-12-23,7.433333333333334
2021-12-24,5.233333333333333
2021-12-25,7.933333333333334
2021-12-26,3.85
2021-12-29,6.175000000000001
2021-12-30,5.158333333333333
2021-12-31,5.908333333333333
